{
  "timestamp": "2025-09-21 14:56:45",
  "yaml_hash": "2cff7a8dedc0d73ce80e4174ffe62008",
  "data": {
    "dataset": "FD001",
    "seq_len": 80,
    "stride": 1,
    "n_features": 15,
    "scale": {
      "type": "standard"
    },
    "scale_fit_on": "train_normals_only",
    "label_mode": "any",
    "label_dilation": 3,
    "anomaly_horizon": 30,
    "dropped_fixed": [
      "s01",
      "s05",
      "s10",
      "s16",
      "s18",
      "s19"
    ]
  },
  "validation": {
    "percentile": 78.09999999999954,
    "threshold": 2.081046744823454,
    "metrics": {
      "precision": 0.8282097649186256,
      "recall": 0.6735294117647059,
      "f1": 0.7429034874290349,
      "pr_auc": 0.8375025879916973
    }
  },
  "test": {
    "pr_auc_raw": 0.4145009704188519,
    "pr_auc_warmup": 0.5369870700320123,
    "used_calibration": "warmup_zscore",
    "metrics_payload": {
      "pr_auc_raw": 0.4145009704188519,
      "pr_auc_warmup": 0.5369870700320123,
      "calibration": {
        "warmup": {
          "enabled": true,
          "K": 50
        }
      },
      "val_percentile": 70.19999999999999,
      "threshold_value": 3.35391332149505,
      "confusion_at_chosen": {
        "precision": 0.36129032258064514,
        "recall": 0.5503685503685504,
        "f1": 0.436222005842259,
        "tp": 224,
        "fp": 396,
        "fn": 183,
        "tn": 4857,
        "n_windows": 5660,
        "n_pos": 407
      }
    }
  }
}