{
  "timestamp": "2025-09-17 14:25:45",
  "yaml_hash": "9b310f9f54bb2730ba331bf845538aa7",
  "data": {
    "seq_len": 80,
    "stride": 1,
    "label_mode": "any",
    "label_dilation": 3,
    "anomaly_horizon": 30,
    "n_features": 15,
    "scale": "standard",
    "scale_fit_on": "train_normals_only",
    "fixed_drop_sensors": [
      "s01",
      "s05",
      "s10",
      "s16",
      "s18",
      "s19"
    ]
  },
  "model": {
    "type": "LSTM-AE",
    "enc1": 128,
    "enc2": 64,
    "latent": 32,
    "dropout": 0.2,
    "batch": 64,
    "epochs": 100,
    "lr": 0.0005,
    "loss": "mse"
  },
  "evaluation": {
    "scoring": "variance_normalized_mean",
    "threshold_mode": "val_percentile_sweep",
    "postproc": {
      "min_run_length": 1
    },
    "val_percentile": 76.3,
    "threshold_value": 2.006129677069174
  },
  "val_metrics": {
    "precision": 0.802675585284281,
    "recall": 0.7058823529411765,
    "f1": 0.7511737089201878,
    "pr_auc": 0.8172299053979921
  },
  "test_metrics": {
    "precision": 0.2704309063893016,
    "recall": 0.44717444717444715,
    "f1": 0.337037037037037,
    "pr_auc": 0.410654599241914,
    "threshold": 2.006129677069174,
    "best_percentile_from_val": 76.3,
    "n_windows": 5660,
    "n_pos": 407
  }
}