{
  "timestamp": "2025-09-14 17:29:00",
  "metrics": {
    "precision": 0.8813186813186813,
    "recall": 0.5897058823529412,
    "f1": 0.7066079295154185,
    "pr_auc": 0.7910921995048565,
    "tp": 401,
    "fp": 54,
    "fn": 279,
    "tn": 1790
  },
  "threshold_mode": "val_percentile_sweep_varnorm",
  "val_percentile": 82.0,
  "threshold_value": 2.2003293683199208,
  "postproc": {
    "smooth_kernel": 0,
    "agg_window": 1,
    "min_run_length": 1
  },
  "scoring": {
    "type": "variance_normalized_mean"
  }
}