{
  "timestamp": "2025-09-21 14:01:07",
  "metrics": {
    "precision": 0.8282097649186256,
    "recall": 0.6735294117647059,
    "f1": 0.7429034874290349,
    "pr_auc": 0.8375025879916973
  },
  "threshold_mode": "val_percentile_sweep_varnorm",
  "val_percentile": 78.09999999999954,
  "threshold_value": 2.081046744823454,
  "postproc": {
    "min_run_length": 1
  },
  "scoring": {
    "type": "variance_normalized_mean"
  }
}