{
  "val": {
    "pr_auc": 0.23797516839942562,
    "best": {
      "f1": 0.20209059233449478,
      "percentile": 70.1,
      "th": 0.028820839215069952,
      "precision": 0.19205298013245034,
      "recall": 0.21323529411764705
    },
    "n_windows": 2524,
    "pos": 680
  },
  "test_raw": {
    "precision": 0.025671641791044777,
    "recall": 0.10565110565110565,
    "f1": 0.04130643611911623,
    "pr_auc": 0.05117060508677799,
    "threshold": 0.028820839215069952
  },
  "test_warmup": {
    "precision": 0.021839080459770115,
    "recall": 0.04668304668304668,
    "f1": 0.02975724353954581,
    "pr_auc": 0.046978065047453985,
    "threshold": 0.028820839215069952,
    "warmup_K": 50
  },
  "K_masks": 16
}