{
  "pr_auc": {
    "VAL": {
      "raw": 0.8375025879916973,
      "warmup": 0.7825665699565756,
      "wu+ema": 0.7671112978816134
    },
    "TEST": {
      "raw": 0.4145009704188519,
      "warmup": 0.5369870700320123,
      "wu+ema": 0.5132036615891792
    }
  },
  "per_unit_threshold": {
    "percentile": 75.0,
    "min_run_length": 3,
    "val": {
      "precision": 0.8261562998405104,
      "recall": 0.7617647058823529,
      "f1": 0.79265493496557
    },
    "test": {
      "precision": 0.22286125089863407,
      "recall": 0.7616707616707616,
      "f1": 0.3448275862068966
    }
  },
  "warmup_K": 50,
  "ema_alpha": 0.3
}