{
  "precision": 0.08488612836438923,
  "recall": 0.3022113022113022,
  "f1": 0.13254310344827586,
  "pr_auc": 0.10852788422075473,
  "threshold": 1.1304305428266486,
  "best_percentile_from_val": 75.49999999999969,
  "n_windows": 5660,
  "n_pos": 407,
  "scoring": {
    "type": "masked_mse_varnorm",
    "K": 256,
    "mask_ratio_time": 0.3,
    "mask_ratio_feat": 0.1,
    "mask_token": "zero",
    "loss_scope": "hybrid",
    "alpha_unmasked": 0.05
  }
}