{
  "pr_auc": 0.23797516839942562,
  "best": {
    "f1": 0.20209059233449478,
    "percentile": 70.1,
    "th": 0.028820839215069952,
    "precision": 0.19205298013245034,
    "recall": 0.21323529411764705
  },
  "n_windows": 2524,
  "pos": 680
}